"rowGrp","colGrp","rowLevels","colLevels","totPOP","totPOP_se"
"ind","insurance","Total","Any private, all ages",201886303.288942,4345214.31192706
"ind","insurance","Total","Public only, all ages",59272043.4341764,1595570.34810228
"ind","insurance","Total","Uninsured, all ages",40150802.6075365,1365768.6205514
"ind","ins_lt65","Total","<65, Any private",181421857.410739,4091379.81912834
"ind","ins_lt65","Total","<65, Public only",41312074.5349821,1408746.5917711
"ind","ins_lt65","Total","<65, Uninsured",39881681.5090917,1361184.313814
"ind","ins_lt65","Total","65+, Medicare only",0,0
"ind","ins_lt65","Total","65+, Medicare and private",0,0
"ind","ins_lt65","Total","65+, Medicare and other public",0,0
"ind","ins_lt65","Total","65+, No medicare",0,0
"ind","ins_ge65","Total","<65, Any private",0,0
"ind","ins_ge65","Total","<65, Public only",0,0
"ind","ins_ge65","Total","<65, Uninsured",0,0
"ind","ins_ge65","Total","65+, Medicare only",13333463.8910172,599759.060171047
"ind","ins_ge65","Total","65+, Medicare and private",20118699.2141235,801521.678111911
"ind","ins_ge65","Total","65+, Medicare and other public",4618176.19684979,268683.872321249
"ind","ins_ge65","Total","65+, No medicare",623196.573851276,101041.465278495
"agegrps","insurance","Under 5","Any private, all ages",10946272.081041,549480.73650823
"agegrps","insurance","Under 5","Public only, all ages",7908915.07060386,389817.457199151
"agegrps","insurance","Under 5","Uninsured, all ages",1325993.76158579,172919.531083568
"agegrps","insurance","5-17","Any private, all ages",33454344.2590265,1167085.40160095
"agegrps","insurance","5-17","Public only, all ages",15733225.1395241,683057.497238518
"agegrps","insurance","5-17","Uninsured, all ages",4539917.79654704,362537.453308748
"agegrps","insurance","18-44","Any private, all ages",76029662.012084,1921421.1746571
"agegrps","insurance","18-44","Public only, all ages",11350785.4501415,486018.774653518
"agegrps","insurance","18-44","Uninsured, all ages",23661955.4892122,894899.185716603
"agegrps","insurance","45-64","Any private, all ages",60991579.0585878,1536805.0869142
"agegrps","insurance","45-64","Public only, all ages",6319148.87471262,317484.365081534
"agegrps","insurance","45-64","Uninsured, all ages",10353814.4617467,432516.28712327
"agegrps","insurance","65+","Any private, all ages",20464445.8782027,806156.19634823
"agegrps","insurance","65+","Public only, all ages",17959968.8991943,667956.167007828
"agegrps","insurance","65+","Uninsured, all ages",269121.098444809,61078.4869296468
"agegrps","ins_lt65","Under 5","<65, Any private",10946272.081041,549480.73650823
"agegrps","ins_lt65","Under 5","<65, Public only",7908915.07060386,389817.457199151
"agegrps","ins_lt65","Under 5","<65, Uninsured",1325993.76158579,172919.531083568
"agegrps","ins_lt65","Under 5","65+, Medicare only",0,0
"agegrps","ins_lt65","Under 5","65+, Medicare and private",0,0
"agegrps","ins_lt65","Under 5","65+, Medicare and other public",0,0
"agegrps","ins_lt65","Under 5","65+, No medicare",0,0
"agegrps","ins_lt65","5-17","<65, Any private",33454344.2590265,1167085.40160095
"agegrps","ins_lt65","5-17","<65, Public only",15733225.1395241,683057.497238518
"agegrps","ins_lt65","5-17","<65, Uninsured",4539917.79654704,362537.453308748
"agegrps","ins_lt65","5-17","65+, Medicare only",0,0
"agegrps","ins_lt65","5-17","65+, Medicare and private",0,0
"agegrps","ins_lt65","5-17","65+, Medicare and other public",0,0
"agegrps","ins_lt65","5-17","65+, No medicare",0,0
"agegrps","ins_lt65","18-44","<65, Any private",76029662.012084,1921421.1746571
"agegrps","ins_lt65","18-44","<65, Public only",11350785.4501415,486018.774653518
"agegrps","ins_lt65","18-44","<65, Uninsured",23661955.4892122,894899.185716603
"agegrps","ins_lt65","18-44","65+, Medicare only",0,0
"agegrps","ins_lt65","18-44","65+, Medicare and private",0,0
"agegrps","ins_lt65","18-44","65+, Medicare and other public",0,0
"agegrps","ins_lt65","18-44","65+, No medicare",0,0
"agegrps","ins_lt65","45-64","<65, Any private",60991579.0585878,1536805.0869142
"agegrps","ins_lt65","45-64","<65, Public only",6319148.87471262,317484.365081534
"agegrps","ins_lt65","45-64","<65, Uninsured",10353814.4617467,432516.28712327
"agegrps","ins_lt65","45-64","65+, Medicare only",0,0
"agegrps","ins_lt65","45-64","65+, Medicare and private",0,0
"agegrps","ins_lt65","45-64","65+, Medicare and other public",0,0
"agegrps","ins_lt65","45-64","65+, No medicare",0,0
"agegrps","ins_ge65","65+","<65, Any private",0,0
"agegrps","ins_ge65","65+","<65, Public only",0,0
"agegrps","ins_ge65","65+","<65, Uninsured",0,0
"agegrps","ins_ge65","65+","65+, Medicare only",13333463.8910172,599759.060171047
"agegrps","ins_ge65","65+","65+, Medicare and private",20118699.2141235,801521.678111911
"agegrps","ins_ge65","65+","65+, Medicare and other public",4618176.19684979,268683.872321249
"agegrps","ins_ge65","65+","65+, No medicare",623196.573851276,101041.465278495
"region","insurance","Northeast","Any private, all ages",38028083.7276951,1976244.20889013
"region","insurance","Northeast","Public only, all ages",11489825.4467317,836273.028635488
"region","insurance","Northeast","Uninsured, all ages",5098220.9008619,389791.063420993
"region","insurance","Midwest","Any private, all ages",48537639.1632668,2211520.80944299
"region","insurance","Midwest","Public only, all ages",10841188.7555494,684939.036565374
"region","insurance","Midwest","Uninsured, all ages",6733712.9422934,539072.312888277
"region","insurance","South","Any private, all ages",69755656.9623554,2368667.71714519
"region","insurance","South","Public only, all ages",22145132.4896887,884459.844613674
"region","insurance","South","Uninsured, all ages",18559176.1254731,1040418.01749817
"region","insurance","West","Any private, all ages",45564923.4356248,1839483.53625094
"region","insurance","West","Public only, all ages",14795896.7422065,762220.14264022
"region","insurance","West","Uninsured, all ages",9759692.63890803,599236.42995548
"region","ins_lt65","Northeast","<65, Any private",33827317.9996418,1857198.01451403
"region","ins_lt65","Northeast","<65, Public only",7930770.48642221,766561.828847112
"region","ins_lt65","Northeast","<65, Uninsured",5074766.82827696,387879.987848383
"region","ins_lt65","Northeast","65+, Medicare only",0,0
"region","ins_lt65","Northeast","65+, Medicare and private",0,0
"region","ins_lt65","Northeast","65+, Medicare and other public",0,0
"region","ins_lt65","Northeast","65+, No medicare",0,0
"region","ins_lt65","Midwest","<65, Any private",43279372.515866,2101244.51248717
"region","ins_lt65","Midwest","<65, Public only",7605638.10271415,580181.12563968
"region","ins_lt65","Midwest","<65, Uninsured",6707941.87298408,537798.591875009
"region","ins_lt65","Midwest","65+, Medicare only",0,0
"region","ins_lt65","Midwest","65+, Medicare and private",0,0
"region","ins_lt65","Midwest","65+, Medicare and other public",0,0
"region","ins_lt65","Midwest","65+, No medicare",0,0
"region","ins_lt65","South","<65, Any private",62257329.2731474,2274358.34965324
"region","ins_lt65","South","<65, Public only",15408233.0773354,785115.802018005
"region","ins_lt65","South","<65, Uninsured",18416219.1898949,1036438.00154178
"region","ins_lt65","South","65+, Medicare only",0,0
"region","ins_lt65","South","65+, Medicare and private",0,0
"region","ins_lt65","South","65+, Medicare and other public",0,0
"region","ins_lt65","South","65+, No medicare",0,0
"region","ins_lt65","West","<65, Any private",42057837.622084,1719327.65897823
"region","ins_lt65","West","<65, Public only",10367432.8685103,647155.669910405
"region","ins_lt65","West","<65, Uninsured",9682753.61793578,597535.154373022
"region","ins_lt65","West","65+, Medicare only",0,0
"region","ins_lt65","West","65+, Medicare and private",0,0
"region","ins_lt65","West","65+, Medicare and other public",0,0
"region","ins_lt65","West","65+, No medicare",0,0
"region","ins_ge65","Northeast","<65, Any private",0,0
"region","ins_ge65","Northeast","<65, Public only",0,0
"region","ins_ge65","Northeast","<65, Uninsured",0,0
"region","ins_ge65","Northeast","65+, Medicare only",2603586.62462658,234693.710346178
"region","ins_ge65","Northeast","65+, Medicare and private",4155211.2618012,359966.28103936
"region","ins_ge65","Northeast","65+, Medicare and other public",955468.335682929,127623.5890679
"region","ins_ge65","Northeast","65+, No medicare",69008.538837007,29840.939204181
"region","ins_ge65","Midwest","<65, Any private",0,0
"region","ins_ge65","Midwest","<65, Public only",0,0
"region","ins_ge65","Midwest","<65, Uninsured",0,0
"region","ins_ge65","Midwest","65+, Medicare only",2553080.80345138,264690.836383657
"region","ins_ge65","Midwest","65+, Medicare and private",5167021.55070387,437181.308010866
"region","ins_ge65","Midwest","65+, Medicare and other public",682469.849383921,95272.7210463677
"region","ins_ge65","Midwest","65+, No medicare",117016.166006187,42344.5968775309
"region","ins_ge65","South","<65, Any private",0,0
"region","ins_ge65","South","<65, Public only",0,0
"region","ins_ge65","South","<65, Uninsured",0,0
"region","ins_ge65","South","65+, Medicare only",5091856.68418086,408684.095725609
"region","ins_ge65","South","65+, Medicare and private",7346962.96966506,456455.118352177
"region","ins_ge65","South","65+, Medicare and other public",1636713.91684519,148942.077037569
"region","ins_ge65","South","65+, No medicare",302650.466448429,80133.4098533074
"region","ins_ge65","West","<65, Any private",0,0
"region","ins_ge65","West","<65, Public only",0,0
"region","ins_ge65","West","<65, Uninsured",0,0
"region","ins_ge65","West","65+, Medicare only",3084939.77875842,259619.624893175
"region","ins_ge65","West","65+, Medicare and private",3449503.43195339,275754.629730037
"region","ins_ge65","West","65+, Medicare and other public",1343524.09493775,155494.552127309
"region","ins_ge65","West","65+, No medicare",134521.402559653,33233.5341725644
"married","insurance","Married","Any private, all ages",96226359.2012146,2335524.99999493
"married","insurance","Married","Public only, all ages",13428998.2060467,588013.036062001
"married","insurance","Married","Uninsured, all ages",13916103.3549597,611568.530152526
"married","insurance","Widowed","Any private, all ages",7046839.62030814,346251.204101823
"married","insurance","Widowed","Public only, all ages",7118416.42339935,368570.511836184
"married","insurance","Widowed","Uninsured, all ages",779906.651332467,100685.626514502
"married","insurance","Divorced","Any private, all ages",17013324.6319102,598967.696950952
"married","insurance","Divorced","Public only, all ages",5116692.68126652,292397.625073517
"married","insurance","Divorced","Uninsured, all ages",4850781.44517925,305106.640556877
"married","insurance","Separated","Any private, all ages",2007499.55524875,189608.410383807
"married","insurance","Separated","Public only, all ages",1055280.42505717,105904.981423729
"married","insurance","Separated","Uninsured, all ages",1001521.73420677,109334.821015919
"married","insurance","Never married","Any private, all ages",41115501.6335392,1238671.58199656
"married","insurance","Never married","Public only, all ages",10974104.3513033,447090.958215592
"married","insurance","Never married","Uninsured, all ages",14697375.3923247,643465.83579616
"married","insurance","Inapplicable (age < 16)","Any private, all ages",38476778.6467212,1334493.23858993
"married","insurance","Inapplicable (age < 16)","Public only, all ages",21578551.3471033,854426.912025343
"married","insurance","Inapplicable (age < 16)","Uninsured, all ages",4887305.17252245,397249.006855927
"married","insurance","Missing","Any private, all ages",0,0
"married","insurance","Missing","Public only, all ages",0,0
"married","insurance","Missing","Uninsured, all ages",17808.8570111629,17808.8570111629
"married","ins_lt65","Married","<65, Any private",83676877.0716136,2114530.40080968
"married","ins_lt65","Married","<65, Public only",5450177.88748255,351257.652195357
"married","ins_lt65","Married","<65, Uninsured",13779168.2723236,606941.66192559
"married","ins_lt65","Married","65+, Medicare only",0,0
"married","ins_lt65","Married","65+, Medicare and private",0,0
"married","ins_lt65","Married","65+, Medicare and other public",0,0
"married","ins_lt65","Married","65+, No medicare",0,0
"married","ins_lt65","Widowed","<65, Any private",1866485.49912348,176861.29859819
"married","ins_lt65","Widowed","<65, Public only",631530.834087883,86364.920914274
"married","ins_lt65","Widowed","<65, Uninsured",689461.92679251,95805.2767711736
"married","ins_lt65","Widowed","65+, Medicare only",0,0
"married","ins_lt65","Widowed","65+, Medicare and private",0,0
"married","ins_lt65","Widowed","65+, Medicare and other public",0,0
"married","ins_lt65","Widowed","65+, No medicare",0,0
"married","ins_lt65","Divorced","<65, Any private",15056440.3274417,564558.496044999
"married","ins_lt65","Divorced","<65, Public only",2630619.95983615,186415.563380063
"married","ins_lt65","Divorced","<65, Uninsured",4814448.66940196,304851.183079786
"married","ins_lt65","Divorced","65+, Medicare only",0,0
"married","ins_lt65","Divorced","65+, Medicare and private",0,0
"married","ins_lt65","Divorced","65+, Medicare and other public",0,0
"married","ins_lt65","Divorced","65+, No medicare",0,0
"married","ins_lt65","Separated","<65, Any private",1877924.31951296,182219.87836879
"married","ins_lt65","Separated","<65, Public only",870773.120927326,96600.316845118
"married","ins_lt65","Separated","<65, Uninsured",1001521.73420677,109334.821015919
"married","ins_lt65","Separated","65+, Medicare only",0,0
"married","ins_lt65","Separated","65+, Medicare and private",0,0
"married","ins_lt65","Separated","65+, Medicare and other public",0,0
"married","ins_lt65","Separated","65+, No medicare",0,0
"married","ins_lt65","Never married","<65, Any private",40467351.5463264,1239829.40201258
"married","ins_lt65","Never married","<65, Public only",10150421.3855449,426730.518206903
"married","ins_lt65","Never married","<65, Uninsured",14691966.8768333,642882.54406861
"married","ins_lt65","Never married","65+, Medicare only",0,0
"married","ins_lt65","Never married","65+, Medicare and private",0,0
"married","ins_lt65","Never married","65+, Medicare and other public",0,0
"married","ins_lt65","Never married","65+, No medicare",0,0
"married","ins_lt65","Inapplicable (age < 16)","<65, Any private",38476778.6467212,1334493.23858993
"married","ins_lt65","Inapplicable (age < 16)","<65, Public only",21578551.3471033,854426.912025343
"married","ins_lt65","Inapplicable (age < 16)","<65, Uninsured",4887305.17252245,397249.006855927
"married","ins_lt65","Inapplicable (age < 16)","65+, Medicare only",0,0
"married","ins_lt65","Inapplicable (age < 16)","65+, Medicare and private",0,0
"married","ins_lt65","Inapplicable (age < 16)","65+, Medicare and other public",0,0
"married","ins_lt65","Inapplicable (age < 16)","65+, No medicare",0,0
"married","ins_lt65","Missing","<65, Any private",0,0
"married","ins_lt65","Missing","<65, Public only",0,0
"married","ins_lt65","Missing","<65, Uninsured",17808.8570111629,17808.8570111629
"married","ins_lt65","Missing","65+, Medicare only",0,0
"married","ins_lt65","Missing","65+, Medicare and private",0,0
"married","ins_lt65","Missing","65+, Medicare and other public",0,0
"married","ins_lt65","Missing","65+, No medicare",0,0
"married","ins_ge65","Married","<65, Any private",0,0
"married","ins_ge65","Married","<65, Public only",0,0
"married","ins_ge65","Married","<65, Uninsured",0,0
"married","ins_ge65","Married","65+, Medicare only",6582241.90580232,431602.423506331
"married","ins_ge65","Married","65+, Medicare and private",12306969.4570854,614919.239969839
"married","ins_ge65","Married","65+, Medicare and other public",1396578.41276183,163051.880480363
"married","ins_ge65","Married","65+, No medicare",379447.75515176,82637.3789447728
"married","ins_ge65","Widowed","<65, Any private",0,0
"married","ins_ge65","Widowed","<65, Public only",0,0
"married","ins_ge65","Widowed","<65, Uninsured",0,0
"married","ins_ge65","Widowed","65+, Medicare only",4616088.632005,303607.655681301
"married","ins_ge65","Widowed","65+, Medicare and private",5111831.66435153,318480.051375319
"married","ins_ge65","Widowed","65+, Medicare and other public",1870796.95730647,154123.357652181
"married","ins_ge65","Widowed","65+, No medicare",158967.181373091,42977.9952721751
"married","ins_ge65","Divorced","<65, Any private",0,0
"married","ins_ge65","Divorced","<65, Public only",0,0
"married","ins_ge65","Divorced","<65, Uninsured",0,0
"married","ins_ge65","Divorced","65+, Medicare only",1663717.41959599,178232.895812532
"married","ins_ge65","Divorced","65+, Medicare and private",1949843.23689022,170266.68208265
"married","ins_ge65","Divorced","65+, Medicare and other public",814026.490507132,104292.416774659
"married","ins_ge65","Divorced","65+, No medicare",51702.6546828216,19691.4885562362
"married","ins_ge65","Separated","<65, Any private",0,0
"married","ins_ge65","Separated","<65, Public only",0,0
"married","ins_ge65","Separated","<65, Uninsured",0,0
"married","ins_ge65","Separated","65+, Medicare only",67233.057362473,21953.8792398023
"married","ins_ge65","Separated","65+, Medicare and private",129575.235735796,51240.4484549306
"married","ins_ge65","Separated","65+, Medicare and other public",117274.246767368,32498.5515226509
"married","ins_ge65","Separated","65+, No medicare",0,0
"married","ins_ge65","Never married","<65, Any private",0,0
"married","ins_ge65","Never married","<65, Public only",0,0
"married","ins_ge65","Never married","<65, Uninsured",0,0
"married","ins_ge65","Never married","65+, Medicare only",404182.876251448,76920.8031744624
"married","ins_ge65","Never married","65+, Medicare and private",620479.620060576,127449.498084469
"married","ins_ge65","Never married","65+, Medicare and other public",419500.089506999,70915.691488307
"married","ins_ge65","Never married","65+, No medicare",33078.9826436032,20317.1258725867
"race","insurance","Hispanic","Any private, all ages",19272292.2331798,973751.960931082
"race","insurance","Hispanic","Public only, all ages",14087070.5667288,749667.522030385
"race","insurance","Hispanic","Uninsured, all ages",13030454.3733268,909094.468247679
"race","insurance","White","Any private, all ages",148060949.558896,3853461.07259545
"race","insurance","White","Public only, all ages",29711398.0967864,1198706.00087081
"race","insurance","White","Uninsured, all ages",19838396.6541229,889131.163050609
"race","insurance","Black","Any private, all ages",19963875.9803351,1025988.01618018
"race","insurance","Black","Public only, all ages",11600010.8483004,683107.574735802
"race","insurance","Black","Uninsured, all ages",5140175.15732346,328686.699389094
"race","insurance","Amer. Indian, AK Native, or mult. races","Any private, all ages",3983783.98656154,399991.314358193
"race","insurance","Amer. Indian, AK Native, or mult. races","Public only, all ages",1915789.66496971,248421.526786593
"race","insurance","Amer. Indian, AK Native, or mult. races","Uninsured, all ages",678673.770346923,102079.70653964
"race","insurance","Asian, Hawaiian, or Pacific Islander","Any private, all ages",10605401.5299696,780437.288730659
"race","insurance","Asian, Hawaiian, or Pacific Islander","Public only, all ages",1957774.25739108,262534.972588974
"race","insurance","Asian, Hawaiian, or Pacific Islander","Uninsured, all ages",1463102.65241636,207846.868248187
"race","ins_lt65","Hispanic","<65, Any private",18656029.5768617,946524.8085135
"race","ins_lt65","Hispanic","<65, Public only",12173033.3668685,700581.493686791
"race","ins_lt65","Hispanic","<65, Uninsured",12894788.1758752,905679.374280134
"race","ins_lt65","Hispanic","65+, Medicare only",0,0
"race","ins_lt65","Hispanic","65+, Medicare and private",0,0
"race","ins_lt65","Hispanic","65+, Medicare and other public",0,0
"race","ins_lt65","Hispanic","65+, No medicare",0,0
"race","ins_lt65","White","<65, Any private",130357798.440681,3608620.80611528
"race","ins_lt65","White","<65, Public only",16645055.2119391,973172.438885712
"race","ins_lt65","White","<65, Uninsured",19746891.7549328,883755.937091902
"race","ins_lt65","White","65+, Medicare only",0,0
"race","ins_lt65","White","65+, Medicare and private",0,0
"race","ins_lt65","White","65+, Medicare and other public",0,0
"race","ins_lt65","White","65+, No medicare",0,0
"race","ins_lt65","Black","<65, Any private",18733675.3819733,991205.369950657
"race","ins_lt65","Black","<65, Public only",9587804.49023563,614066.639307389
"race","ins_lt65","Black","<65, Uninsured",5114345.96679465,328475.240562446
"race","ins_lt65","Black","65+, Medicare only",0,0
"race","ins_lt65","Black","65+, Medicare and private",0,0
"race","ins_lt65","Black","65+, Medicare and other public",0,0
"race","ins_lt65","Black","65+, No medicare",0,0
"race","ins_lt65","Amer. Indian, AK Native, or mult. races","<65, Any private",3745188.02654939,388823.148688886
"race","ins_lt65","Amer. Indian, AK Native, or mult. races","<65, Public only",1601036.00679741,228706.77854632
"race","ins_lt65","Amer. Indian, AK Native, or mult. races","<65, Uninsured",674243.839263186,101983.538857075
"race","ins_lt65","Amer. Indian, AK Native, or mult. races","65+, Medicare only",0,0
"race","ins_lt65","Amer. Indian, AK Native, or mult. races","65+, Medicare and private",0,0
"race","ins_lt65","Amer. Indian, AK Native, or mult. races","65+, Medicare and other public",0,0
"race","ins_lt65","Amer. Indian, AK Native, or mult. races","65+, No medicare",0,0
"race","ins_lt65","Asian, Hawaiian, or Pacific Islander","<65, Any private",9929165.98467372,742998.298389578
"race","ins_lt65","Asian, Hawaiian, or Pacific Islander","<65, Public only",1305145.45914153,228439.964690982
"race","ins_lt65","Asian, Hawaiian, or Pacific Islander","<65, Uninsured",1451411.77222577,207588.935388559
"race","ins_lt65","Asian, Hawaiian, or Pacific Islander","65+, Medicare only",0,0
"race","ins_lt65","Asian, Hawaiian, or Pacific Islander","65+, Medicare and private",0,0
"race","ins_lt65","Asian, Hawaiian, or Pacific Islander","65+, Medicare and other public",0,0
"race","ins_lt65","Asian, Hawaiian, or Pacific Islander","65+, No medicare",0,0
"race","ins_ge65","Hispanic","<65, Any private",0,0
"race","ins_ge65","Hispanic","<65, Public only",0,0
"race","ins_ge65","Hispanic","<65, Uninsured",0,0
"race","ins_ge65","Hispanic","65+, Medicare only",891612.62755813,108269.978352277
"race","ins_ge65","Hispanic","65+, Medicare and private",587757.236223745,98211.7254768867
"race","ins_ge65","Hispanic","65+, Medicare and other public",1022424.57230227,113727.700073389
"race","ins_ge65","Hispanic","65+, No medicare",164171.617545956,39719.2561380702
"race","ins_ge65","White","<65, Any private",0,0
"race","ins_ge65","White","<65, Public only",0,0
"race","ins_ge65","White","<65, Uninsured",0,0
"race","ins_ge65","White","65+, Medicare only",10708323.9323349,548616.576124369
"race","ins_ge65","White","65+, Medicare and private",17474820.9380761,769512.522485496
"race","ins_ge65","White","65+, Medicare and other public",2358018.95251237,204504.287964459
"race","ins_ge65","White","65+, No medicare",319835.079328753,81253.8650859106
"race","ins_ge65","Black","<65, Any private",0,0
"race","ins_ge65","Black","<65, Public only",0,0
"race","ins_ge65","Black","<65, Uninsured",0,0
"race","ins_ge65","Black","65+, Medicare only",1298561.35572284,112510.940447777
"race","ins_ge65","Black","65+, Medicare and private",1206938.8010182,132857.994297601
"race","ins_ge65","Black","65+, Medicare and other public",713645.002341897,82848.2945837454
"race","ins_ge65","Black","65+, No medicare",49090.9878724221,18245.6699694967
"race","ins_ge65","Amer. Indian, AK Native, or mult. races","<65, Any private",0,0
"race","ins_ge65","Amer. Indian, AK Native, or mult. races","<65, Public only",0,0
"race","ins_ge65","Amer. Indian, AK Native, or mult. races","<65, Uninsured",0,0
"race","ins_ge65","Amer. Indian, AK Native, or mult. races","65+, Medicare only",149803.413285794,54026.8170862087
"race","ins_ge65","Amer. Indian, AK Native, or mult. races","65+, Medicare and private",228275.550230283,62275.7651120226
"race","ins_ge65","Amer. Indian, AK Native, or mult. races","65+, Medicare and other public",156621.43355926,49515.9509234184
"race","ins_ge65","Amer. Indian, AK Native, or mult. races","65+, No medicare",23079.1521928516,13982.2832755315
"race","ins_ge65","Asian, Hawaiian, or Pacific Islander","<65, Any private",0,0
"race","ins_ge65","Asian, Hawaiian, or Pacific Islander","<65, Public only",0,0
"race","ins_ge65","Asian, Hawaiian, or Pacific Islander","<65, Uninsured",0,0
"race","ins_ge65","Asian, Hawaiian, or Pacific Islander","65+, Medicare only",285162.562115549,67289.8737536574
"race","ins_ge65","Asian, Hawaiian, or Pacific Islander","65+, Medicare and private",620906.688575191,125328.600257854
"race","ins_ge65","Asian, Hawaiian, or Pacific Islander","65+, Medicare and other public",367466.236133999,73068.3231120898
"race","ins_ge65","Asian, Hawaiian, or Pacific Islander","65+, No medicare",67019.7369112936,30294.5946429768
"sex","insurance","Male","Any private, all ages",98865171.7596772,2249122.55201659
"sex","insurance","Male","Public only, all ages",25824660.495892,796790.331325039
"sex","insurance","Male","Uninsured, all ages",22938984.7367571,857946.644134103
"sex","insurance","Female","Any private, all ages",103021131.529265,2278543.57124273
"sex","insurance","Female","Public only, all ages",33447382.9382844,952052.525190709
"sex","insurance","Female","Uninsured, all ages",17211817.8707794,661046.075854192
"sex","ins_lt65","Male","<65, Any private",89549805.4361751,2123436.78757381
"sex","ins_lt65","Male","<65, Public only",18776546.6798486,732624.400071222
"sex","ins_lt65","Male","<65, Uninsured",22844948.2967938,856346.911811791
"sex","ins_lt65","Male","65+, Medicare only",0,0
"sex","ins_lt65","Male","65+, Medicare and private",0,0
"sex","ins_lt65","Male","65+, Medicare and other public",0,0
"sex","ins_lt65","Male","65+, No medicare",0,0
"sex","ins_lt65","Female","<65, Any private",91872051.9745642,2158469.7268585
"sex","ins_lt65","Female","<65, Public only",22535527.8551335,815117.502827504
"sex","ins_lt65","Female","<65, Uninsured",17036733.2122979,656835.491567428
"sex","ins_lt65","Female","65+, Medicare only",0,0
"sex","ins_lt65","Female","65+, Medicare and private",0,0
"sex","ins_lt65","Female","65+, Medicare and other public",0,0
"sex","ins_lt65","Female","65+, No medicare",0,0
"sex","ins_ge65","Male","<65, Any private",0,0
"sex","ins_ge65","Male","<65, Public only",0,0
"sex","ins_ge65","Male","<65, Uninsured",0,0
"sex","ins_ge65","Male","65+, Medicare only",5560879.67246054,308644.907190147
"sex","ins_ge65","Male","65+, Medicare and private",9118470.33350461,411134.18794212
"sex","ins_ge65","Male","65+, Medicare and other public",1487234.14358277,134245.964665065
"sex","ins_ge65","Male","65+, No medicare",290932.429960792,62414.7328221789
"sex","ins_ge65","Female","<65, Any private",0,0
"sex","ins_ge65","Female","<65, Public only",0,0
"sex","ins_ge65","Female","<65, Uninsured",0,0
"sex","ins_ge65","Female","65+, Medicare only",7772584.21855668,379779.831437502
"sex","ins_ge65","Female","65+, Medicare and private",11000228.8806189,480373.783600709
"sex","ins_ge65","Female","65+, Medicare and other public",3130942.05326702,191471.612980538
"sex","ins_ge65","Female","65+, No medicare",332264.143890483,62291.6878045976
"racesex","insurance","Female, Amer. Indian, AK Native, or mult. races","Any private, all ages",2217526.67051661,262334.319540262
"racesex","insurance","Female, Amer. Indian, AK Native, or mult. races","Public only, all ages",1081865.7441074,158747.859460076
"racesex","insurance","Female, Amer. Indian, AK Native, or mult. races","Uninsured, all ages",269907.559171401,57121.4772785544
"racesex","insurance","Female, Asian, Hawaiian, or Pacific Islander","Any private, all ages",5700647.05458227,426805.65373412
"racesex","insurance","Female, Asian, Hawaiian, or Pacific Islander","Public only, all ages",1134066.65611326,166710.594903012
"racesex","insurance","Female, Asian, Hawaiian, or Pacific Islander","Uninsured, all ages",623337.235262864,106466.018300363
"racesex","insurance","Female, Black","Any private, all ages",10768133.1544755,582499.192966544
"racesex","insurance","Female, Black","Public only, all ages",6613731.14443188,402032.019779228
"racesex","insurance","Female, Black","Uninsured, all ages",2217771.85997135,184094.810951267
"racesex","insurance","Female, Hispanic","Any private, all ages",9382400.12324129,514283.66318221
"racesex","insurance","Female, Hispanic","Public only, all ages",7646481.74077124,440196.31869638
"racesex","insurance","Female, Hispanic","Uninsured, all ages",5468187.31436468,411539.44034887
"racesex","insurance","Female, White","Any private, all ages",74952424.5264492,1995369.1842905
"racesex","insurance","Female, White","Public only, all ages",16971237.6528606,716211.581570936
"racesex","insurance","Female, White","Uninsured, all ages",8632613.90200906,449978.626094363
"racesex","insurance","Male, Amer. Indian, AK Native, or mult. races","Any private, all ages",1766257.31604494,204078.332079647
"racesex","insurance","Male, Amer. Indian, AK Native, or mult. races","Public only, all ages",833923.920862308,130238.490467873
"racesex","insurance","Male, Amer. Indian, AK Native, or mult. races","Uninsured, all ages",408766.211175523,81617.8164329336
"racesex","insurance","Male, Asian, Hawaiian, or Pacific Islander","Any private, all ages",4904754.47538735,402230.369786538
"racesex","insurance","Male, Asian, Hawaiian, or Pacific Islander","Public only, all ages",823707.601277824,122882.391243491
"racesex","insurance","Male, Asian, Hawaiian, or Pacific Islander","Uninsured, all ages",839765.417153496,132098.608680858
"racesex","insurance","Male, Black","Any private, all ages",9195742.82585959,533962.261644738
"racesex","insurance","Male, Black","Public only, all ages",4986279.70386849,329552.269287074
"racesex","insurance","Male, Black","Uninsured, all ages",2922403.29735211,210026.369336532
"racesex","insurance","Male, Hispanic","Any private, all ages",9889892.10993856,540531.604582146
"racesex","insurance","Male, Hispanic","Public only, all ages",6440588.8259576,378582.646629014
"racesex","insurance","Male, Hispanic","Uninsured, all ages",7562267.05896215,556020.429597517
"racesex","insurance","Male, White","Any private, all ages",73108525.0324468,2042220.66361651
"racesex","insurance","Male, White","Public only, all ages",12740160.4439257,586798.560234097
"racesex","insurance","Male, White","Uninsured, all ages",11205782.7521138,586101.560892969
"racesex","ins_lt65","Female, Amer. Indian, AK Native, or mult. races","<65, Any private",2116773.85541784,258330.954298498
"racesex","ins_lt65","Female, Amer. Indian, AK Native, or mult. races","<65, Public only",900369.283101382,146188.923157767
"racesex","ins_lt65","Female, Amer. Indian, AK Native, or mult. races","<65, Uninsured",265477.628087664,56949.4414114638
"racesex","ins_lt65","Female, Amer. Indian, AK Native, or mult. races","65+, Medicare only",0,0
"racesex","ins_lt65","Female, Amer. Indian, AK Native, or mult. races","65+, Medicare and private",0,0
"racesex","ins_lt65","Female, Amer. Indian, AK Native, or mult. races","65+, Medicare and other public",0,0
"racesex","ins_lt65","Female, Amer. Indian, AK Native, or mult. races","65+, No medicare",0,0
"racesex","ins_lt65","Female, Asian, Hawaiian, or Pacific Islander","<65, Any private",5347897.02040048,408754.510743406
"racesex","ins_lt65","Female, Asian, Hawaiian, or Pacific Islander","<65, Public only",700644.500598964,141737.139382435
"racesex","ins_lt65","Female, Asian, Hawaiian, or Pacific Islander","<65, Uninsured",615951.73333353,106209.544834657
"racesex","ins_lt65","Female, Asian, Hawaiian, or Pacific Islander","65+, Medicare only",0,0
"racesex","ins_lt65","Female, Asian, Hawaiian, or Pacific Islander","65+, Medicare and private",0,0
"racesex","ins_lt65","Female, Asian, Hawaiian, or Pacific Islander","65+, Medicare and other public",0,0
"racesex","ins_lt65","Female, Asian, Hawaiian, or Pacific Islander","65+, No medicare",0,0
"racesex","ins_lt65","Female, Black","<65, Any private",10045083.975818,557914.675010292
"racesex","ins_lt65","Female, Black","<65, Public only",5333399.96835275,359846.100516872
"racesex","ins_lt65","Female, Black","<65, Uninsured",2194911.63895824,182997.250002091
"racesex","ins_lt65","Female, Black","65+, Medicare only",0,0
"racesex","ins_lt65","Female, Black","65+, Medicare and private",0,0
"racesex","ins_lt65","Female, Black","65+, Medicare and other public",0,0
"racesex","ins_lt65","Female, Black","65+, No medicare",0,0
"racesex","ins_lt65","Female, Hispanic","<65, Any private",9090440.46056633,503939.975039032
"racesex","ins_lt65","Female, Hispanic","<65, Public only",6487008.563655,402374.190610136
"racesex","ins_lt65","Female, Hispanic","<65, Uninsured",5379958.32122581,407436.306427812
"racesex","ins_lt65","Female, Hispanic","65+, Medicare only",0,0
"racesex","ins_lt65","Female, Hispanic","65+, Medicare and private",0,0
"racesex","ins_lt65","Female, Hispanic","65+, Medicare and other public",0,0
"racesex","ins_lt65","Female, Hispanic","65+, No medicare",0,0
"racesex","ins_lt65","Female, White","<65, Any private",65271856.6623615,1873031.8173418
"racesex","ins_lt65","Female, White","<65, Public only",9114105.53942537,550342.634529801
"racesex","ins_lt65","Female, White","<65, Uninsured",8580433.89069265,446502.444486387
"racesex","ins_lt65","Female, White","65+, Medicare only",0,0
"racesex","ins_lt65","Female, White","65+, Medicare and private",0,0
"racesex","ins_lt65","Female, White","65+, Medicare and other public",0,0
"racesex","ins_lt65","Female, White","65+, No medicare",0,0
"racesex","ins_lt65","Male, Amer. Indian, AK Native, or mult. races","<65, Any private",1628414.17113155,196339.007854022
"racesex","ins_lt65","Male, Amer. Indian, AK Native, or mult. races","<65, Public only",700666.723696024,117339.084208497
"racesex","ins_lt65","Male, Amer. Indian, AK Native, or mult. races","<65, Uninsured",408766.211175523,81617.8164329336
"racesex","ins_lt65","Male, Amer. Indian, AK Native, or mult. races","65+, Medicare only",0,0
"racesex","ins_lt65","Male, Amer. Indian, AK Native, or mult. races","65+, Medicare and private",0,0
"racesex","ins_lt65","Male, Amer. Indian, AK Native, or mult. races","65+, Medicare and other public",0,0
"racesex","ins_lt65","Male, Amer. Indian, AK Native, or mult. races","65+, No medicare",0,0
"racesex","ins_lt65","Male, Asian, Hawaiian, or Pacific Islander","<65, Any private",4581268.96427324,384994.394601365
"racesex","ins_lt65","Male, Asian, Hawaiian, or Pacific Islander","<65, Public only",604500.958542571,114475.884994519
"racesex","ins_lt65","Male, Asian, Hawaiian, or Pacific Islander","<65, Uninsured",835460.03889224,132028.429262209
"racesex","ins_lt65","Male, Asian, Hawaiian, or Pacific Islander","65+, Medicare only",0,0
"racesex","ins_lt65","Male, Asian, Hawaiian, or Pacific Islander","65+, Medicare and private",0,0
"racesex","ins_lt65","Male, Asian, Hawaiian, or Pacific Islander","65+, Medicare and other public",0,0
"racesex","ins_lt65","Male, Asian, Hawaiian, or Pacific Islander","65+, No medicare",0,0
"racesex","ins_lt65","Male, Black","<65, Any private",8688591.40615529,519418.662537701
"racesex","ins_lt65","Male, Black","<65, Public only",4254404.52188288,306062.54961601
"racesex","ins_lt65","Male, Black","<65, Uninsured",2919434.32783641,210336.433387385
"racesex","ins_lt65","Male, Black","65+, Medicare only",0,0
"racesex","ins_lt65","Male, Black","65+, Medicare and private",0,0
"racesex","ins_lt65","Male, Black","65+, Medicare and other public",0,0
"racesex","ins_lt65","Male, Black","65+, No medicare",0,0
"racesex","ins_lt65","Male, Hispanic","<65, Any private",9565589.11629542,522961.276111227
"racesex","ins_lt65","Male, Hispanic","<65, Public only",5686024.80321345,360350.154187538
"racesex","ins_lt65","Male, Hispanic","<65, Uninsured",7514829.85464943,555596.951326223
"racesex","ins_lt65","Male, Hispanic","65+, Medicare only",0,0
"racesex","ins_lt65","Male, Hispanic","65+, Medicare and private",0,0
"racesex","ins_lt65","Male, Hispanic","65+, Medicare and other public",0,0
"racesex","ins_lt65","Male, Hispanic","65+, No medicare",0,0
"racesex","ins_lt65","Male, White","<65, Any private",65085941.7783196,1920539.00222437
"racesex","ins_lt65","Male, White","<65, Public only",7530949.67251371,508561.285224403
"racesex","ins_lt65","Male, White","<65, Uninsured",11166457.8642402,583767.599318525
"racesex","ins_lt65","Male, White","65+, Medicare only",0,0
"racesex","ins_lt65","Male, White","65+, Medicare and private",0,0
"racesex","ins_lt65","Male, White","65+, Medicare and other public",0,0
"racesex","ins_lt65","Male, White","65+, No medicare",0,0
"racesex","ins_ge65","Female, Amer. Indian, AK Native, or mult. races","<65, Any private",0,0
"racesex","ins_ge65","Female, Amer. Indian, AK Native, or mult. races","<65, Public only",0,0
"racesex","ins_ge65","Female, Amer. Indian, AK Native, or mult. races","<65, Uninsured",0,0
"racesex","ins_ge65","Female, Amer. Indian, AK Native, or mult. races","65+, Medicare only",70028.1124098353,31416.7465433459
"racesex","ins_ge65","Female, Amer. Indian, AK Native, or mult. races","65+, Medicare and private",90432.4053168973,29857.3317817802
"racesex","ins_ge65","Female, Amer. Indian, AK Native, or mult. races","65+, Medicare and other public",103139.537268933,40488.8740906857
"racesex","ins_ge65","Female, Amer. Indian, AK Native, or mult. races","65+, No medicare",23079.1521928516,13982.2832755315
"racesex","ins_ge65","Female, Asian, Hawaiian, or Pacific Islander","<65, Any private",0,0
"racesex","ins_ge65","Female, Asian, Hawaiian, or Pacific Islander","<65, Public only",0,0
"racesex","ins_ge65","Female, Asian, Hawaiian, or Pacific Islander","<65, Uninsured",0,0
"racesex","ins_ge65","Female, Asian, Hawaiian, or Pacific Islander","65+, Medicare only",176371.867960789,44470.953090464
"racesex","ins_ge65","Female, Asian, Hawaiian, or Pacific Islander","65+, Medicare and private",326625.467905784,67471.9761768229
"racesex","ins_ge65","Female, Asian, Hawaiian, or Pacific Islander","65+, Medicare and other public",257050.287553506,51826.1089347909
"racesex","ins_ge65","Female, Asian, Hawaiian, or Pacific Islander","65+, No medicare",33510.0682053388,20678.6926758233
"racesex","ins_ge65","Female, Black","<65, Any private",0,0
"racesex","ins_ge65","Female, Black","<65, Public only",0,0
"racesex","ins_ge65","Female, Black","<65, Uninsured",0,0
"racesex","ins_ge65","Female, Black","65+, Medicare only",774038.301006309,85869.2027989997
"racesex","ins_ge65","Female, Black","65+, Medicare and private",708861.871732179,88343.4698547455
"racesex","ins_ge65","Female, Black","65+, Medicare and other public",506292.875072828,61168.6611951531
"racesex","ins_ge65","Female, Black","65+, No medicare",37047.5279384391,15548.0968706516
"racesex","ins_ge65","Female, Hispanic","<65, Any private",0,0
"racesex","ins_ge65","Female, Hispanic","<65, Public only",0,0
"racesex","ins_ge65","Female, Hispanic","<65, Uninsured",0,0
"racesex","ins_ge65","Female, Hispanic","65+, Medicare only",476882.558526725,72326.4135113254
"racesex","ins_ge65","Female, Hispanic","65+, Medicare and private",265946.202393066,64570.6797946481
"racesex","ins_ge65","Female, Hispanic","65+, Medicare and other public",682590.618589515,81081.281690518
"racesex","ins_ge65","Female, Hispanic","65+, No medicare",114242.453420771,31891.4624604261
"racesex","ins_ge65","Female, White","<65, Any private",0,0
"racesex","ins_ge65","Female, White","<65, Public only",0,0
"racesex","ins_ge65","Female, White","<65, Uninsured",0,0
"racesex","ins_ge65","Female, White","65+, Medicare only",6275263.37865303,352415.699556923
"racesex","ins_ge65","Female, White","65+, Medicare and private",9608362.93327099,465691.471765676
"racesex","ins_ge65","Female, White","65+, Medicare and other public",1581868.73478224,149178.55750902
"racesex","ins_ge65","Female, White","65+, No medicare",124384.942133083,42569.9332379098
"racesex","ins_ge65","Male, Amer. Indian, AK Native, or mult. races","<65, Any private",0,0
"racesex","ins_ge65","Male, Amer. Indian, AK Native, or mult. races","<65, Public only",0,0
"racesex","ins_ge65","Male, Amer. Indian, AK Native, or mult. races","<65, Uninsured",0,0
"racesex","ins_ge65","Male, Amer. Indian, AK Native, or mult. races","65+, Medicare only",79775.3008759584,34842.4330293255
"racesex","ins_ge65","Male, Amer. Indian, AK Native, or mult. races","65+, Medicare and private",137843.144913386,46933.6219713361
"racesex","ins_ge65","Male, Amer. Indian, AK Native, or mult. races","65+, Medicare and other public",53481.8962903263,24809.5278915401
"racesex","ins_ge65","Male, Amer. Indian, AK Native, or mult. races","65+, No medicare",0,0
"racesex","ins_ge65","Male, Asian, Hawaiian, or Pacific Islander","<65, Any private",0,0
"racesex","ins_ge65","Male, Asian, Hawaiian, or Pacific Islander","<65, Public only",0,0
"racesex","ins_ge65","Male, Asian, Hawaiian, or Pacific Islander","<65, Uninsured",0,0
"racesex","ins_ge65","Male, Asian, Hawaiian, or Pacific Islander","65+, Medicare only",108790.694154761,35257.7969305727
"racesex","ins_ge65","Male, Asian, Hawaiian, or Pacific Islander","65+, Medicare and private",294281.220669407,72045.9187068454
"racesex","ins_ge65","Male, Asian, Hawaiian, or Pacific Islander","65+, Medicare and other public",110415.948580493,31136.0564239549
"racesex","ins_ge65","Male, Asian, Hawaiian, or Pacific Islander","65+, No medicare",33509.6687059548,22139.424875121
"racesex","ins_ge65","Male, Black","<65, Any private",0,0
"racesex","ins_ge65","Male, Black","<65, Public only",0,0
"racesex","ins_ge65","Male, Black","<65, Uninsured",0,0
"racesex","ins_ge65","Male, Black","65+, Medicare only",524523.054716536,65049.7189139757
"racesex","ins_ge65","Male, Black","65+, Medicare and private",498076.929286023,71787.1143241314
"racesex","ins_ge65","Male, Black","65+, Medicare and other public",207352.127269069,45870.9609538146
"racesex","ins_ge65","Male, Black","65+, No medicare",12043.4599339831,9547.83516492757
"racesex","ins_ge65","Male, Hispanic","<65, Any private",0,0
"racesex","ins_ge65","Male, Hispanic","<65, Public only",0,0
"racesex","ins_ge65","Male, Hispanic","<65, Uninsured",0,0
"racesex","ins_ge65","Male, Hispanic","65+, Medicare only",414730.069031405,62539.606239555
"racesex","ins_ge65","Male, Hispanic","65+, Medicare and private",321811.033830679,59588.5556146156
"racesex","ins_ge65","Male, Hispanic","65+, Medicare and other public",339833.95371275,54807.5396456697
"racesex","ins_ge65","Male, Hispanic","65+, No medicare",49929.1641251849,18683.0131601023
"racesex","ins_ge65","Male, White","<65, Any private",0,0
"racesex","ins_ge65","Male, White","<65, Public only",0,0
"racesex","ins_ge65","Male, White","<65, Uninsured",0,0
"racesex","ins_ge65","Male, White","65+, Medicare only",4433060.55368188,283459.78063927
"racesex","ins_ge65","Male, White","65+, Medicare and private",7866458.00480512,395028.454512499
"racesex","ins_ge65","Male, White","65+, Medicare and other public",776150.217730131,102237.848629141
"racesex","ins_ge65","Male, White","65+, No medicare",195450.137195669,54453.912645334
"education","insurance","Less than high school","Any private, all ages",17518715.0104928,594701.055458628
"education","insurance","Less than high school","Public only, all ages",13478093.7092925,462294.657812616
"education","insurance","Less than high school","Uninsured, all ages",10878987.5951881,582160.266447652
"education","insurance","High school","Any private, all ages",45040927.049578,1336661.79279291
"education","insurance","High school","Public only, all ages",12171613.6025195,542133.682175057
"education","insurance","High school","Uninsured, all ages",12154449.9103725,485785.749344249
"education","insurance","Some college","Any private, all ages",94138279.2375214,2355564.21671195
"education","insurance","Some college","Public only, all ages",9404908.35975385,439068.409722867
"education","insurance","Some college","Uninsured, all ages",10828188.4228485,517419.092054384
"education","insurance","Inapplicable (age < 18)","Any private, all ages",44400616.3400675,1453828.07080699
"education","insurance","Inapplicable (age < 18)","Public only, all ages",23642140.210128,914894.293496687
"education","insurance","Inapplicable (age < 18)","Uninsured, all ages",5865911.55813283,444224.475750869
"education","insurance","Missing","Any private, all ages",787765.651282346,140835.21163288
"education","insurance","Missing","Public only, all ages",575287.552482585,96478.5087893494
"education","insurance","Missing","Uninsured, all ages",423265.120994539,77623.7158550971
"education","ins_lt65","Less than high school","<65, Any private",14194534.6875634,547073.776732437
"education","ins_lt65","Less than high school","<65, Public only",7152106.12848328,336772.704709723
"education","ins_lt65","Less than high school","<65, Uninsured",10787663.5087565,580198.741399214
"education","ins_lt65","Less than high school","65+, Medicare only",0,0
"education","ins_lt65","Less than high school","65+, Medicare and private",0,0
"education","ins_lt65","Less than high school","65+, Medicare and other public",0,0
"education","ins_lt65","Less than high school","65+, No medicare",0,0
"education","ins_lt65","High school","<65, Any private",37956899.0922042,1183943.92873376
"education","ins_lt65","High school","<65, Public only",5942289.62124176,361102.52320255
"education","ins_lt65","High school","<65, Uninsured",12081255.0131107,485401.385738096
"education","ins_lt65","High school","65+, Medicare only",0,0
"education","ins_lt65","High school","65+, Medicare and private",0,0
"education","ins_lt65","High school","65+, Medicare and other public",0,0
"education","ins_lt65","High school","65+, No medicare",0,0
"education","ins_lt65","Some college","<65, Any private",84220764.6545778,2155849.7267324
"education","ins_lt65","Some college","<65, Public only",4329674.75942807,266806.225821743
"education","ins_lt65","Some college","<65, Uninsured",10755136.5666299,514514.65604931
"education","ins_lt65","Some college","65+, Medicare only",0,0
"education","ins_lt65","Some college","65+, Medicare and private",0,0
"education","ins_lt65","Some college","65+, Medicare and other public",0,0
"education","ins_lt65","Some college","65+, No medicare",0,0
"education","ins_lt65","Inapplicable (age < 18)","<65, Any private",44400616.3400675,1453828.07080699
"education","ins_lt65","Inapplicable (age < 18)","<65, Public only",23642140.210128,914894.293496687
"education","ins_lt65","Inapplicable (age < 18)","<65, Uninsured",5865911.55813283,444224.475750869
"education","ins_lt65","Inapplicable (age < 18)","65+, Medicare only",0,0
"education","ins_lt65","Inapplicable (age < 18)","65+, Medicare and private",0,0
"education","ins_lt65","Inapplicable (age < 18)","65+, Medicare and other public",0,0
"education","ins_lt65","Inapplicable (age < 18)","65+, No medicare",0,0
"education","ins_lt65","Missing","<65, Any private",649042.636326354,131324.601352202
"education","ins_lt65","Missing","<65, Public only",245863.815701006,77290.6615900862
"education","ins_lt65","Missing","<65, Uninsured",391714.862461741,74980.1527166845
"education","ins_lt65","Missing","65+, Medicare only",0,0
"education","ins_lt65","Missing","65+, Medicare and private",0,0
"education","ins_lt65","Missing","65+, Medicare and other public",0,0
"education","ins_lt65","Missing","65+, No medicare",0,0
"education","ins_ge65","Less than high school","<65, Any private",0,0
"education","ins_ge65","Less than high school","<65, Public only",0,0
"education","ins_ge65","Less than high school","<65, Uninsured",0,0
"education","ins_ge65","Less than high school","65+, Medicare only",3711430.42165137,249552.461060835
"education","ins_ge65","Less than high school","65+, Medicare and private",3273735.31655117,227969.822604706
"education","ins_ge65","Less than high school","65+, Medicare and other public",2606228.34783056,185988.484337512
"education","ins_ge65","Less than high school","65+, No medicare",150097.904137,38186.8847860299
"education","ins_ge65","High school","<65, Any private",0,0
"education","ins_ge65","High school","<65, Public only",0,0
"education","ins_ge65","High school","<65, Uninsured",0,0
"education","ins_ge65","High school","65+, Medicare only",5270717.24668671,347131.362152688
"education","ins_ge65","High school","65+, Medicare and private",7022185.35716801,400386.248566291
"education","ins_ge65","High school","65+, Medicare and other public",958606.734591022,121994.740991794
"education","ins_ge65","High school","65+, No medicare",135037.497467657,51172.4669001128
"education","ins_ge65","Some college","<65, Any private",0,0
"education","ins_ge65","Some college","<65, Public only",0,0
"education","ins_ge65","Some college","<65, Uninsured",0,0
"education","ins_ge65","Some college","65+, Medicare only",4151277.55456038,311888.312353139
"education","ins_ge65","Some college","65+, Medicare and private",9691793.04129836,529598.121273382
"education","ins_ge65","Some college","65+, Medicare and other public",923956.045765395,120492.837785968
"education","ins_ge65","Some college","65+, No medicare",298773.397863817,73218.3561540366
"education","ins_ge65","Missing","<65, Any private",0,0
"education","ins_ge65","Missing","<65, Public only",0,0
"education","ins_ge65","Missing","<65, Uninsured",0,0
"education","ins_ge65","Missing","65+, Medicare only",200038.66811876,49266.2437063358
"education","ins_ge65","Missing","65+, Medicare and private",130985.499105987,48441.1513996327
"education","ins_ge65","Missing","65+, Medicare and other public",129385.068662819,35808.8053246009
"education","ins_ge65","Missing","65+, No medicare",39287.774382802,21524.1053998673
"employed","insurance","Employed","Any private, all ages",119130395.999474,2604389.52724696
"employed","insurance","Employed","Public only, all ages",8378506.93480941,431170.892885307
"employed","insurance","Employed","Uninsured, all ages",22718746.0181636,843144.941558174
"employed","insurance","Not employed","Any private, all ages",44244067.8391612,1182424.44572696
"employed","insurance","Not employed","Public only, all ages",29310937.5512614,844826.905910885
"employed","insurance","Not employed","Uninsured, all ages",12355359.6509734,531305.973024257
"employed","insurance","Inapplicable (age < 16)","Any private, all ages",38476778.6467212,1334493.23858993
"employed","insurance","Inapplicable (age < 16)","Public only, all ages",21578551.3471033,854426.912025343
"employed","insurance","Inapplicable (age < 16)","Uninsured, all ages",4887305.17252245,397249.006855927
"employed","insurance","Missing","Any private, all ages",35060.8035858239,26640.6463975444
"employed","insurance","Missing","Public only, all ages",4047.60100221362,4047.60100221362
"employed","insurance","Missing","Uninsured, all ages",189391.76587697,58805.7483254993
"employed","ins_lt65","Employed","<65, Any private",114552790.216887,2563018.17463729
"employed","ins_lt65","Employed","<65, Public only",6279238.39046924,391053.096001218
"employed","ins_lt65","Employed","<65, Uninsured",22654352.3017711,840485.923289137
"employed","ins_lt65","Employed","65+, Medicare only",0,0
"employed","ins_lt65","Employed","65+, Medicare and private",0,0
"employed","ins_lt65","Employed","65+, Medicare and other public",0,0
"employed","ins_lt65","Employed","65+, No medicare",0,0
"employed","ins_lt65","Not employed","<65, Any private",28367862.7096583,835385.246984713
"employed","ins_lt65","Not employed","<65, Public only",13454284.7974095,498418.828243032
"employed","ins_lt65","Not employed","<65, Uninsured",12155313.6126202,530172.132246431
"employed","ins_lt65","Not employed","65+, Medicare only",0,0
"employed","ins_lt65","Not employed","65+, Medicare and private",0,0
"employed","ins_lt65","Not employed","65+, Medicare and other public",0,0
"employed","ins_lt65","Not employed","65+, No medicare",0,0
"employed","ins_lt65","Inapplicable (age < 16)","<65, Any private",38476778.6467212,1334493.23858993
"employed","ins_lt65","Inapplicable (age < 16)","<65, Public only",21578551.3471033,854426.912025343
"employed","ins_lt65","Inapplicable (age < 16)","<65, Uninsured",4887305.17252245,397249.006855927
"employed","ins_lt65","Inapplicable (age < 16)","65+, Medicare only",0,0
"employed","ins_lt65","Inapplicable (age < 16)","65+, Medicare and private",0,0
"employed","ins_lt65","Inapplicable (age < 16)","65+, Medicare and other public",0,0
"employed","ins_lt65","Inapplicable (age < 16)","65+, No medicare",0,0
"employed","ins_lt65","Missing","<65, Any private",24425.8374730243,24425.8374730243
"employed","ins_lt65","Missing","<65, Public only",0,0
"employed","ins_lt65","Missing","<65, Uninsured",184710.422177918,58619.1185305043
"employed","ins_lt65","Missing","65+, Medicare only",0,0
"employed","ins_lt65","Missing","65+, Medicare and private",0,0
"employed","ins_lt65","Missing","65+, Medicare and other public",0,0
"employed","ins_lt65","Missing","65+, No medicare",0,0
"employed","ins_ge65","Employed","<65, Any private",0,0
"employed","ins_ge65","Employed","<65, Public only",0,0
"employed","ins_ge65","Employed","<65, Uninsured",0,0
"employed","ins_ge65","Employed","65+, Medicare only",1921195.34851823,213003.733695898
"employed","ins_ge65","Employed","65+, Medicare and private",4373771.77666608,300510.520302823
"employed","ins_ge65","Employed","65+, Medicare and other public",178073.195821945,47523.1646091798
"employed","ins_ge65","Employed","65+, No medicare",268227.722313519,64943.4451275698
"employed","ins_ge65","Not employed","<65, Any private",0,0
"employed","ins_ge65","Not employed","<65, Public only",0,0
"employed","ins_ge65","Not employed","<65, Uninsured",0,0
"employed","ins_ge65","Not employed","65+, Medicare only",11408220.9414968,553648.176588701
"employed","ins_ge65","Not employed","65+, Medicare and private",15734292.4713446,682365.534606336
"employed","ins_ge65","Not employed","65+, Medicare and other public",4440103.00102785,260857.921601898
"employed","ins_ge65","Not employed","65+, No medicare",350287.507838705,67128.1502403116
"employed","ins_ge65","Missing","<65, Any private",0,0
"employed","ins_ge65","Missing","<65, Public only",0,0
"employed","ins_ge65","Missing","<65, Uninsured",0,0
"employed","ins_ge65","Missing","65+, Medicare only",4047.60100221362,4047.60100221362
"employed","ins_ge65","Missing","65+, Medicare and private",10634.9661127996,10634.9661127996
"employed","ins_ge65","Missing","65+, Medicare and other public",0,0
"employed","ins_ge65","Missing","65+, No medicare",4681.34369905175,4681.34369905175
"poverty","insurance","Negative or poor","Any private, all ages",7744193.36169512,458728.22139774
"poverty","insurance","Negative or poor","Public only, all ages",21731979.335817,884403.072224994
"poverty","insurance","Negative or poor","Uninsured, all ages",8681784.42837255,536778.506197163
"poverty","insurance","Near-poor","Any private, all ages",4102446.56090251,318962.259823385
"poverty","insurance","Near-poor","Public only, all ages",6308671.34682406,427824.26676544
"poverty","insurance","Near-poor","Uninsured, all ages",2879051.41026313,278238.417259446
"poverty","insurance","Low income","Any private, all ages",18405144.0028948,743768.276445783
"poverty","insurance","Low income","Public only, all ages",13331480.7040359,606837.641898884
"poverty","insurance","Low income","Uninsured, all ages",8745628.02967836,449038.390708065
"poverty","insurance","Middle income","Any private, all ages",67950345.1866311,1980408.5611942
"poverty","insurance","Middle income","Public only, all ages",12249597.5789755,604153.862165881
"poverty","insurance","Middle income","Uninsured, all ages",13033785.514423,699667.892303435
"poverty","insurance","High income","Any private, all ages",103684174.176819,2988420.37569739
"poverty","insurance","High income","Public only, all ages",5650314.46852387,429727.483628837
"poverty","insurance","High income","Uninsured, all ages",6810553.22479939,534889.319240146
"poverty","ins_lt65","Negative or poor","<65, Any private",6614256.27326124,423915.549921078
"poverty","ins_lt65","Negative or poor","<65, Public only",18983692.2662958,846981.096777474
"poverty","ins_lt65","Negative or poor","<65, Uninsured",8628273.53631176,535170.295921512
"poverty","ins_lt65","Negative or poor","65+, Medicare only",0,0
"poverty","ins_lt65","Negative or poor","65+, Medicare and private",0,0
"poverty","ins_lt65","Negative or poor","65+, Medicare and other public",0,0
"poverty","ins_lt65","Negative or poor","65+, No medicare",0,0
"poverty","ins_lt65","Near-poor","<65, Any private",3093246.019727,292912.391910718
"poverty","ins_lt65","Near-poor","<65, Public only",4206784.70129714,376624.865302936
"poverty","ins_lt65","Near-poor","<65, Uninsured",2862382.37033468,275989.530351067
"poverty","ins_lt65","Near-poor","65+, Medicare only",0,0
"poverty","ins_lt65","Near-poor","65+, Medicare and private",0,0
"poverty","ins_lt65","Near-poor","65+, Medicare and other public",0,0
"poverty","ins_lt65","Near-poor","65+, No medicare",0,0
"poverty","ins_lt65","Low income","<65, Any private",15620463.5935425,723657.328588082
"poverty","ins_lt65","Low income","<65, Public only",9151856.2386867,515893.719578345
"poverty","ins_lt65","Low income","<65, Uninsured",8670552.05046895,447425.54556481
"poverty","ins_lt65","Low income","65+, Medicare only",0,0
"poverty","ins_lt65","Low income","65+, Medicare and private",0,0
"poverty","ins_lt65","Low income","65+, Medicare and other public",0,0
"poverty","ins_lt65","Low income","65+, No medicare",0,0
"poverty","ins_lt65","Middle income","<65, Any private",62097920.2545719,1871175.29347459
"poverty","ins_lt65","Middle income","<65, Public only",7294575.58421343,486674.261223374
"poverty","ins_lt65","Middle income","<65, Uninsured",12990303.3329116,698717.293466906
"poverty","ins_lt65","Middle income","65+, Medicare only",0,0
"poverty","ins_lt65","Middle income","65+, Medicare and private",0,0
"poverty","ins_lt65","Middle income","65+, Medicare and other public",0,0
"poverty","ins_lt65","Middle income","65+, No medicare",0,0
"poverty","ins_lt65","High income","<65, Any private",93995971.2696367,2789993.21970126
"poverty","ins_lt65","High income","<65, Public only",1675165.74448899,217560.005605609
"poverty","ins_lt65","High income","<65, Uninsured",6730170.21906468,532613.842808653
"poverty","ins_lt65","High income","65+, Medicare only",0,0
"poverty","ins_lt65","High income","65+, Medicare and private",0,0
"poverty","ins_lt65","High income","65+, Medicare and other public",0,0
"poverty","ins_lt65","High income","65+, No medicare",0,0
"poverty","ins_ge65","Negative or poor","<65, Any private",0,0
"poverty","ins_ge65","Negative or poor","<65, Public only",0,0
"poverty","ins_ge65","Negative or poor","<65, Uninsured",0,0
"poverty","ins_ge65","Negative or poor","65+, Medicare only",1330303.93673331,152299.534705973
"poverty","ins_ge65","Negative or poor","65+, Medicare and private",1122896.0208556,118946.829404248
"poverty","ins_ge65","Negative or poor","65+, Medicare and other public",1417983.13278786,146806.659505964
"poverty","ins_ge65","Negative or poor","65+, No medicare",60551.9596390635,24210.2565004206
"poverty","ins_ge65","Near-poor","<65, Any private",0,0
"poverty","ins_ge65","Near-poor","<65, Public only",0,0
"poverty","ins_ge65","Near-poor","<65, Uninsured",0,0
"poverty","ins_ge65","Near-poor","65+, Medicare only",1362935.81591543,154222.957955487
"poverty","ins_ge65","Near-poor","65+, Medicare and private",1009200.54117551,164460.957963326
"poverty","ins_ge65","Near-poor","65+, Medicare and other public",738950.829611484,103167.261049093
"poverty","ins_ge65","Near-poor","65+, No medicare",16669.0399284446,12127.8281593555
"poverty","ins_ge65","Low income","<65, Any private",0,0
"poverty","ins_ge65","Low income","<65, Public only",0,0
"poverty","ins_ge65","Low income","<65, Uninsured",0,0
"poverty","ins_ge65","Low income","65+, Medicare only",3242634.95931721,291181.434117667
"poverty","ins_ge65","Low income","65+, Medicare and private",2739769.00384299,244384.856553527
"poverty","ins_ge65","Low income","65+, Medicare and other public",936989.506032005,112059.87048733
"poverty","ins_ge65","Low income","65+, No medicare",119987.384718718,47596.7270066168
"poverty","ins_ge65","Middle income","<65, Any private",0,0
"poverty","ins_ge65","Middle income","<65, Public only",0,0
"poverty","ins_ge65","Middle income","<65, Uninsured",0,0
"poverty","ins_ge65","Middle income","65+, Medicare only",3890307.96410485,304295.129181994
"poverty","ins_ge65","Middle income","65+, Medicare and private",5750167.68134912,369939.598498143
"poverty","ins_ge65","Middle income","65+, Medicare and other public",1056385.21932998,143202.775014682
"poverty","ins_ge65","Middle income","65+, No medicare",154068.243548782,43311.6930179104
"poverty","ins_ge65","High income","<65, Any private",0,0
"poverty","ins_ge65","High income","<65, Public only",0,0
"poverty","ins_ge65","High income","<65, Uninsured",0,0
"poverty","ins_ge65","High income","65+, Medicare only",3507281.21494643,323337.490865706
"poverty","ins_ge65","High income","65+, Medicare and private",9496665.96690031,546445.748780419
"poverty","ins_ge65","High income","65+, Medicare and other public",467867.509088454,90583.2390295566
"poverty","ins_ge65","High income","65+, No medicare",271919.946016267,72171.277595234
"health","insurance","Excellent","Any private, all ages",70022897.7638149,2086673.99938153
"health","insurance","Excellent","Public only, all ages",15287191.4308397,659048.698879637
"health","insurance","Excellent","Uninsured, all ages",12334398.1877099,688681.423604978
"health","insurance","Very good","Any private, all ages",69422272.8371894,1815482.46462185
"health","insurance","Very good","Public only, all ages",16353725.4301865,768372.712483993
"health","insurance","Very good","Uninsured, all ages",12234318.3507352,598540.79978537
"health","insurance","Good","Any private, all ages",47050330.2873099,1395845.2982134
"health","insurance","Good","Public only, all ages",15747212.5277784,610161.785646773
"health","insurance","Good","Uninsured, all ages",11150298.7030143,521476.282889633
"health","insurance","Fair","Any private, all ages",12059479.8347912,454931.099038232
"health","insurance","Fair","Public only, all ages",8013672.42113723,335730.583932559
"health","insurance","Fair","Uninsured, all ages",3289983.62230985,196085.474691805
"health","insurance","Poor","Any private, all ages",3184515.47407362,213391.719903911
"health","insurance","Poor","Public only, all ages",3603288.39899092,217948.44401855
"health","insurance","Poor","Uninsured, all ages",1066490.44776963,117528.752977005
"health","insurance","Missing","Any private, all ages",146807.091763029,47042.2384997117
"health","insurance","Missing","Public only, all ages",266953.225243617,58701.2969294852
"health","insurance","Missing","Uninsured, all ages",75313.2959976126,42137.42094782
"health","ins_lt65","Excellent","<65, Any private",66331006.027567,2036811.08266955
"health","ins_lt65","Excellent","<65, Public only",13242438.4885395,626749.240827904
"health","ins_lt65","Excellent","<65, Uninsured",12270433.0680218,686476.421427743
"health","ins_lt65","Excellent","65+, Medicare only",0,0
"health","ins_lt65","Excellent","65+, Medicare and private",0,0
"health","ins_lt65","Excellent","65+, Medicare and other public",0,0
"health","ins_lt65","Excellent","65+, No medicare",0,0
"health","ins_lt65","Very good","<65, Any private",62972609.906937,1734058.9432351
"health","ins_lt65","Very good","<65, Public only",11851825.1150982,711536.538243619
"health","ins_lt65","Very good","<65, Uninsured",12179225.876101,597550.631037937
"health","ins_lt65","Very good","65+, Medicare only",0,0
"health","ins_lt65","Very good","65+, Medicare and private",0,0
"health","ins_lt65","Very good","65+, Medicare and other public",0,0
"health","ins_lt65","Very good","65+, No medicare",0,0
"health","ins_lt65","Good","<65, Any private",40730456.836218,1295264.11798138
"health","ins_lt65","Good","<65, Public only",10008974.0395839,487901.239821639
"health","ins_lt65","Good","<65, Uninsured",11071223.7630564,520043.57311362
"health","ins_lt65","Good","65+, Medicare only",0,0
"health","ins_lt65","Good","65+, Medicare and private",0,0
"health","ins_lt65","Good","65+, Medicare and other public",0,0
"health","ins_lt65","Good","65+, No medicare",0,0
"health","ins_lt65","Fair","<65, Any private",9182938.12111396,393330.016700531
"health","ins_lt65","Fair","<65, Public only",4253218.61180458,253967.460446505
"health","ins_lt65","Fair","<65, Uninsured",3231594.24422818,196321.453448386
"health","ins_lt65","Fair","65+, Medicare only",0,0
"health","ins_lt65","Fair","65+, Medicare and private",0,0
"health","ins_lt65","Fair","65+, Medicare and other public",0,0
"health","ins_lt65","Fair","65+, No medicare",0,0
"health","ins_lt65","Poor","<65, Any private",2160158.30472321,172611.529658578
"health","ins_lt65","Poor","<65, Public only",1910341.2377767,146777.984427412
"health","ins_lt65","Poor","<65, Uninsured",1061081.93227822,117404.240709222
"health","ins_lt65","Poor","65+, Medicare only",0,0
"health","ins_lt65","Poor","65+, Medicare and private",0,0
"health","ins_lt65","Poor","65+, Medicare and other public",0,0
"health","ins_lt65","Poor","65+, No medicare",0,0
"health","ins_lt65","Missing","<65, Any private",44688.2141801594,28020.7422374386
"health","ins_lt65","Missing","<65, Public only",45277.0421792325,30371.5182583892
"health","ins_lt65","Missing","<65, Uninsured",68122.6254061011,41519.3509171103
"health","ins_lt65","Missing","65+, Medicare only",0,0
"health","ins_lt65","Missing","65+, Medicare and private",0,0
"health","ins_lt65","Missing","65+, Medicare and other public",0,0
"health","ins_lt65","Missing","65+, No medicare",0,0
"health","ins_ge65","Excellent","<65, Any private",0,0
"health","ins_ge65","Excellent","<65, Public only",0,0
"health","ins_ge65","Excellent","<65, Uninsured",0,0
"health","ins_ge65","Excellent","65+, Medicare only",1787058.71737199,191720.60896852
"health","ins_ge65","Excellent","65+, Medicare and private",3659661.53375234,275936.853818302
"health","ins_ge65","Excellent","65+, Medicare and other public",257694.224928222,54759.1900692854
"health","ins_ge65","Excellent","65+, No medicare",96195.3221836432,38049.784458123
"health","ins_ge65","Very good","<65, Any private",0,0
"health","ins_ge65","Very good","<65, Public only",0,0
"health","ins_ge65","Very good","<65, Uninsured",0,0
"health","ins_ge65","Very good","65+, Medicare only",3770721.30095447,260991.048465812
"health","ins_ge65","Very good","65+, Medicare and private",6303974.96647412,364540.353151754
"health","ins_ge65","Very good","65+, Medicare and other public",731179.014133856,104645.090851565
"health","ins_ge65","Very good","65+, No medicare",200780.438412452,50562.6025243204
"health","ins_ge65","Good","<65, Any private",0,0
"health","ins_ge65","Good","<65, Public only",0,0
"health","ins_ge65","Good","<65, Uninsured",0,0
"health","ins_ge65","Good","65+, Medicare only",4176693.4990785,281879.942714534
"health","ins_ge65","Good","65+, Medicare and private",6179733.64308287,371731.675701162
"health","ins_ge65","Good","65+, Medicare and other public",1553216.17778872,135742.278962942
"health","ins_ge65","Good","65+, No medicare",227543.559294219,53664.8577842414
"health","ins_ge65","Fair","<65, Any private",0,0
"health","ins_ge65","Fair","<65, Public only",0,0
"health","ins_ge65","Fair","<65, Uninsured",0,0
"health","ins_ge65","Fair","65+, Medicare only",2457650.79077926,190173.139079073
"health","ins_ge65","Fair","65+, Medicare and private",2859180.23631713,219409.091272751
"health","ins_ge65","Fair","65+, Medicare and other public",1302803.01855339,123955.260060626
"health","ins_ge65","Fair","65+, No medicare",75750.8554418114,28441.9038652423
"health","ins_ge65","Poor","<65, Any private",0,0
"health","ins_ge65","Poor","<65, Public only",0,0
"health","ins_ge65","Poor","<65, Uninsured",0,0
"health","ins_ge65","Poor","65+, Medicare only",982359.573784426,124300.797810294
"health","ins_ge65","Poor","65+, Medicare and private",1024357.16935041,119636.249078586
"health","ins_ge65","Poor","65+, Medicare and other public",710587.587429798,94023.6427852298
"health","ins_ge65","Poor","65+, No medicare",5408.51549140569,5408.51549140569
"health","ins_ge65","Missing","<65, Any private",0,0
"health","ins_ge65","Missing","<65, Public only",0,0
"health","ins_ge65","Missing","<65, Uninsured",0,0
"health","ins_ge65","Missing","65+, Medicare only",158980.009048579,44309.0766090855
"health","ins_ge65","Missing","65+, Medicare and private",91791.6651466368,36347.7494602307
"health","ins_ge65","Missing","65+, Medicare and other public",62696.1740158056,23666.8305848948
"health","ins_ge65","Missing","65+, No medicare",17517.8830277441,12584.0001692111
"mnhlth","insurance","Excellent","Any private, all ages",89078272.7243841,2449201.60854402
"mnhlth","insurance","Excellent","Public only, all ages",19918721.7737491,754776.430670337
"mnhlth","insurance","Excellent","Uninsured, all ages",16022189.5563844,768231.766609645
"mnhlth","insurance","Very good","Any private, all ages",63058827.785618,1712591.77325277
"mnhlth","insurance","Very good","Public only, all ages",16015780.471857,765429.272790922
"mnhlth","insurance","Very good","Uninsured, all ages",11355250.2023835,630056.91330234
"mnhlth","insurance","Good","Any private, all ages",41154381.7878738,1313769.54972426
"mnhlth","insurance","Good","Public only, all ages",15644411.3901398,616169.543812793
"mnhlth","insurance","Good","Uninsured, all ages",9957558.51025876,497065.518608657
"mnhlth","insurance","Fair","Any private, all ages",7025002.97101092,356579.845230976
"mnhlth","insurance","Fair","Public only, all ages",5582424.6210993,295950.696353838
"mnhlth","insurance","Fair","Uninsured, all ages",2158545.63499532,171960.159479927
"mnhlth","insurance","Poor","Any private, all ages",1423010.92829218,160683.137332187
"mnhlth","insurance","Poor","Public only, all ages",1843751.95208754,164545.706548095
"mnhlth","insurance","Poor","Uninsured, all ages",581945.407516893,91884.1687003679
"mnhlth","insurance","Missing","Any private, all ages",146807.091763029,47042.2384997117
"mnhlth","insurance","Missing","Public only, all ages",266953.225243617,58701.2969294852
"mnhlth","insurance","Missing","Uninsured, all ages",75313.2959976126,42137.42094782
"mnhlth","ins_lt65","Excellent","<65, Any private",82942235.0051542,2371728.83642055
"mnhlth","ins_lt65","Excellent","<65, Public only",15902215.7022014,696527.319553314
"mnhlth","ins_lt65","Excellent","<65, Uninsured",15915544.1028966,767005.263677286
"mnhlth","ins_lt65","Excellent","65+, Medicare only",0,0
"mnhlth","ins_lt65","Excellent","65+, Medicare and private",0,0
"mnhlth","ins_lt65","Excellent","65+, Medicare and other public",0,0
"mnhlth","ins_lt65","Excellent","65+, No medicare",0,0
"mnhlth","ins_lt65","Very good","<65, Any private",56551302.833774,1613140.59587945
"mnhlth","ins_lt65","Very good","<65, Public only",10991437.1502736,693800.884486253
"mnhlth","ins_lt65","Very good","<65, Uninsured",11286628.9901189,628365.63023901
"mnhlth","ins_lt65","Very good","65+, Medicare only",0,0
"mnhlth","ins_lt65","Very good","65+, Medicare and private",0,0
"mnhlth","ins_lt65","Very good","65+, Medicare and other public",0,0
"mnhlth","ins_lt65","Very good","65+, No medicare",0,0
"mnhlth","ins_lt65","Good","<65, Any private",35203887.4392247,1215929.20094063
"mnhlth","ins_lt65","Good","<65, Public only",9926793.50459209,496201.718718273
"mnhlth","ins_lt65","Good","<65, Uninsured",9903385.71929735,494850.299228633
"mnhlth","ins_lt65","Good","65+, Medicare only",0,0
"mnhlth","ins_lt65","Good","65+, Medicare and private",0,0
"mnhlth","ins_lt65","Good","65+, Medicare and other public",0,0
"mnhlth","ins_lt65","Good","65+, No medicare",0,0
"mnhlth","ins_lt65","Fair","<65, Any private",5685472.42612881,327257.334396584
"mnhlth","ins_lt65","Fair","<65, Public only",3455780.14928258,215674.407320109
"mnhlth","ins_lt65","Fair","<65, Uninsured",2131463.17934719,170828.049717056
"mnhlth","ins_lt65","Fair","65+, Medicare only",0,0
"mnhlth","ins_lt65","Fair","65+, Medicare and private",0,0
"mnhlth","ins_lt65","Fair","65+, Medicare and other public",0,0
"mnhlth","ins_lt65","Fair","65+, No medicare",0,0
"mnhlth","ins_lt65","Poor","<65, Any private",994271.492277526,130919.670904749
"mnhlth","ins_lt65","Poor","<65, Public only",990570.986453178,104505.086124986
"mnhlth","ins_lt65","Poor","<65, Uninsured",576536.892025487,91724.8516920954
"mnhlth","ins_lt65","Poor","65+, Medicare only",0,0
"mnhlth","ins_lt65","Poor","65+, Medicare and private",0,0
"mnhlth","ins_lt65","Poor","65+, Medicare and other public",0,0
"mnhlth","ins_lt65","Poor","65+, No medicare",0,0
"mnhlth","ins_lt65","Missing","<65, Any private",44688.2141801594,28020.7422374386
"mnhlth","ins_lt65","Missing","<65, Public only",45277.0421792325,30371.5182583892
"mnhlth","ins_lt65","Missing","<65, Uninsured",68122.6254061011,41519.3509171103
"mnhlth","ins_lt65","Missing","65+, Medicare only",0,0
"mnhlth","ins_lt65","Missing","65+, Medicare and private",0,0
"mnhlth","ins_lt65","Missing","65+, Medicare and other public",0,0
"mnhlth","ins_lt65","Missing","65+, No medicare",0,0
"mnhlth","ins_ge65","Excellent","<65, Any private",0,0
"mnhlth","ins_ge65","Excellent","<65, Public only",0,0
"mnhlth","ins_ge65","Excellent","<65, Uninsured",0,0
"mnhlth","ins_ge65","Excellent","65+, Medicare only",3279518.7864741,266461.551342166
"mnhlth","ins_ge65","Excellent","65+, Medicare and private",6030368.6726315,385438.584677294
"mnhlth","ins_ge65","Excellent","65+, Medicare and other public",728658.473746404,96127.5781813322
"mnhlth","ins_ge65","Excellent","65+, No medicare",220643.31141343,60180.321958155
"mnhlth","ins_ge65","Very good","<65, Any private",0,0
"mnhlth","ins_ge65","Very good","<65, Public only",0,0
"mnhlth","ins_ge65","Very good","<65, Uninsured",0,0
"mnhlth","ins_ge65","Very good","65+, Medicare only",4024627.73594452,277868.643130773
"mnhlth","ins_ge65","Very good","65+, Medicare and private",6326478.08244077,357337.061799274
"mnhlth","ins_ge65","Very good","65+, Medicare and other public",999715.585638847,107541.26625937
"mnhlth","ins_ge65","Very good","65+, No medicare",249668.081667842,60484.4968431438
"mnhlth","ins_ge65","Good","<65, Any private",0,0
"mnhlth","ins_ge65","Good","<65, Public only",0,0
"mnhlth","ins_ge65","Good","<65, Uninsured",0,0
"mnhlth","ins_ge65","Good","65+, Medicare only",3898615.93350573,290343.114849133
"mnhlth","ins_ge65","Good","65+, Medicare and private",5901790.81300785,358582.873189513
"mnhlth","ins_ge65","Good","65+, Medicare and other public",1819001.95204196,154535.124779554
"mnhlth","ins_ge65","Good","65+, No medicare",102876.326602717,32566.7176831193
"mnhlth","ins_ge65","Fair","<65, Any private",0,0
"mnhlth","ins_ge65","Fair","<65, Public only",0,0
"mnhlth","ins_ge65","Fair","<65, Uninsured",0,0
"mnhlth","ins_ge65","Fair","65+, Medicare only",1454613.31434388,150250.963991044
"mnhlth","ins_ge65","Fair","65+, Medicare and private",1339530.54488212,144473.068606079
"mnhlth","ins_ge65","Fair","65+, Medicare and other public",672031.157472829,97301.801770538
"mnhlth","ins_ge65","Fair","65+, No medicare",27082.4556481375,18084.9453999472
"mnhlth","ins_ge65","Poor","<65, Any private",0,0
"mnhlth","ins_ge65","Poor","<65, Public only",0,0
"mnhlth","ins_ge65","Poor","<65, Uninsured",0,0
"mnhlth","ins_ge65","Poor","65+, Medicare only",517108.111700413,89805.3181854209
"mnhlth","ins_ge65","Poor","65+, Medicare and private",428739.43601465,88831.7150003163
"mnhlth","ins_ge65","Poor","65+, Medicare and other public",336072.853933945,73617.1850002526
"mnhlth","ins_ge65","Poor","65+, No medicare",5408.51549140569,5408.51549140569
"mnhlth","ins_ge65","Missing","<65, Any private",0,0
"mnhlth","ins_ge65","Missing","<65, Public only",0,0
"mnhlth","ins_ge65","Missing","<65, Uninsured",0,0
"mnhlth","ins_ge65","Missing","65+, Medicare only",158980.009048579,44309.0766090855
"mnhlth","ins_ge65","Missing","65+, Medicare and private",91791.6651466368,36347.7494602307
"mnhlth","ins_ge65","Missing","65+, Medicare and other public",62696.1740158056,23666.8305848948
"mnhlth","ins_ge65","Missing","65+, No medicare",17517.8830277441,12584.0001692111
"agegrps_v2X","insurance","Under 18","Any private, all ages",44400616.3400675,1453828.07080699
"agegrps_v2X","insurance","Under 18","Public only, all ages",23642140.210128,914894.293496687
"agegrps_v2X","insurance","Under 18","Uninsured, all ages",5865911.55813283,444224.475750869
"agegrps_v2X","insurance","18-64","Any private, all ages",137021241.070672,2954020.56669359
"agegrps_v2X","insurance","18-64","Public only, all ages",17669934.3248541,663593.514832347
"agegrps_v2X","insurance","18-64","Uninsured, all ages",34015769.9509588,1096401.30753434
"agegrps_v2X","insurance","65+","Any private, all ages",20464445.8782027,806156.19634823
"agegrps_v2X","insurance","65+","Public only, all ages",17959968.8991943,667956.167007828
"agegrps_v2X","insurance","65+","Uninsured, all ages",269121.098444809,61078.4869296468
"agegrps_v2X","ins_lt65","Under 18","<65, Any private",44400616.3400675,1453828.07080699
"agegrps_v2X","ins_lt65","Under 18","<65, Public only",23642140.210128,914894.293496687
"agegrps_v2X","ins_lt65","Under 18","<65, Uninsured",5865911.55813283,444224.475750869
"agegrps_v2X","ins_lt65","Under 18","65+, Medicare only",0,0
"agegrps_v2X","ins_lt65","Under 18","65+, Medicare and private",0,0
"agegrps_v2X","ins_lt65","Under 18","65+, Medicare and other public",0,0
"agegrps_v2X","ins_lt65","Under 18","65+, No medicare",0,0
"agegrps_v2X","ins_lt65","18-64","<65, Any private",137021241.070672,2954020.56669359
"agegrps_v2X","ins_lt65","18-64","<65, Public only",17669934.3248541,663593.514832347
"agegrps_v2X","ins_lt65","18-64","<65, Uninsured",34015769.9509588,1096401.30753434
"agegrps_v2X","ins_lt65","18-64","65+, Medicare only",0,0
"agegrps_v2X","ins_lt65","18-64","65+, Medicare and private",0,0
"agegrps_v2X","ins_lt65","18-64","65+, Medicare and other public",0,0
"agegrps_v2X","ins_lt65","18-64","65+, No medicare",0,0
"agegrps_v2X","ins_ge65","65+","<65, Any private",0,0
"agegrps_v2X","ins_ge65","65+","<65, Public only",0,0
"agegrps_v2X","ins_ge65","65+","<65, Uninsured",0,0
"agegrps_v2X","ins_ge65","65+","65+, Medicare only",13333463.8910172,599759.060171047
"agegrps_v2X","ins_ge65","65+","65+, Medicare and private",20118699.2141235,801521.678111911
"agegrps_v2X","ins_ge65","65+","65+, Medicare and other public",4618176.19684979,268683.872321249
"agegrps_v2X","ins_ge65","65+","65+, No medicare",623196.573851276,101041.465278495
"agegrps_v3X","insurance","Under 5","Any private, all ages",10946272.081041,549480.73650823
"agegrps_v3X","insurance","Under 5","Public only, all ages",7908915.07060386,389817.457199151
"agegrps_v3X","insurance","Under 5","Uninsured, all ages",1325993.76158579,172919.531083568
"agegrps_v3X","insurance","5-6","Any private, all ages",5051755.9996449,311318.741615241
"agegrps_v3X","insurance","5-6","Public only, all ages",2721697.26825912,178398.464712418
"agegrps_v3X","insurance","5-6","Uninsured, all ages",454999.554496129,79178.728196868
"agegrps_v3X","insurance","7-12","Any private, all ages",14810051.1419834,654671.59170901
"agegrps_v3X","insurance","7-12","Public only, all ages",7437662.09330038,366851.136232892
"agegrps_v3X","insurance","7-12","Uninsured, all ages",1985764.75648825,203221.962686844
"agegrps_v3X","insurance","13-17","Any private, all ages",13592537.1173982,587799.774750995
"agegrps_v3X","insurance","13-17","Public only, all ages",5573865.77796464,333727.759865571
"agegrps_v3X","insurance","13-17","Uninsured, all ages",2099153.48556266,200154.182932332
"agegrps_v3X","insurance","18","Any private, all ages",2753458.34753594,209014.782290214
"agegrps_v3X","insurance","18","Public only, all ages",1015830.51979204,107821.397095101
"agegrps_v3X","insurance","18","Uninsured, all ages",613604.504653708,96844.5726528989
"agegrps_v3X","insurance","19-24","Any private, all ages",14060586.9274095,597612.627051928
"agegrps_v3X","insurance","19-24","Public only, all ages",3200269.39648856,219620.050096614
"agegrps_v3X","insurance","19-24","Uninsured, all ages",6525107.78158674,363308.069690258
"agegrps_v3X","insurance","25-29","Any private, all ages",14300293.2392755,695599.804188569
"agegrps_v3X","insurance","25-29","Public only, all ages",2023810.63836457,169610.185014737
"agegrps_v3X","insurance","25-29","Uninsured, all ages",5575160.57237017,374945.123340475
"agegrps_v3X","insurance","30-34","Any private, all ages",13653833.6035298,635404.075490242
"agegrps_v3X","insurance","30-34","Public only, all ages",1631877.3480845,133378.179711877
"agegrps_v3X","insurance","30-34","Uninsured, all ages",3955497.66469346,268965.102040263
"agegrps_v3X","insurance","35-44","Any private, all ages",31261489.8943332,1053691.64025269
"agegrps_v3X","insurance","35-44","Public only, all ages",3478997.54741182,237240.27277062
"agegrps_v3X","insurance","35-44","Uninsured, all ages",6992584.96590809,356375.718845117
"agegrps_v3X","insurance","45-54","Any private, all ages",33575962.2779657,998932.899411968
"agegrps_v3X","insurance","45-54","Public only, all ages",3306706.41544193,206207.218455755
"agegrps_v3X","insurance","45-54","Uninsured, all ages",6044042.35927432,319849.960501539
"agegrps_v3X","insurance","55-64","Any private, all ages",27415616.7806221,893336.459526711
"agegrps_v3X","insurance","55-64","Public only, all ages",3012442.4592707,202107.655020764
"agegrps_v3X","insurance","55-64","Uninsured, all ages",4309772.10247235,257863.170908622
"agegrps_v3X","insurance","65+","Any private, all ages",20464445.8782027,806156.19634823
"agegrps_v3X","insurance","65+","Public only, all ages",17959968.8991943,667956.167007828
"agegrps_v3X","insurance","65+","Uninsured, all ages",269121.098444809,61078.4869296468
"agegrps_v3X","ins_lt65","Under 5","<65, Any private",10946272.081041,549480.73650823
"agegrps_v3X","ins_lt65","Under 5","<65, Public only",7908915.07060386,389817.457199151
"agegrps_v3X","ins_lt65","Under 5","<65, Uninsured",1325993.76158579,172919.531083568
"agegrps_v3X","ins_lt65","Under 5","65+, Medicare only",0,0
"agegrps_v3X","ins_lt65","Under 5","65+, Medicare and private",0,0
"agegrps_v3X","ins_lt65","Under 5","65+, Medicare and other public",0,0
"agegrps_v3X","ins_lt65","Under 5","65+, No medicare",0,0
"agegrps_v3X","ins_lt65","5-6","<65, Any private",5051755.9996449,311318.741615241
"agegrps_v3X","ins_lt65","5-6","<65, Public only",2721697.26825912,178398.464712418
"agegrps_v3X","ins_lt65","5-6","<65, Uninsured",454999.554496129,79178.728196868
"agegrps_v3X","ins_lt65","5-6","65+, Medicare only",0,0
"agegrps_v3X","ins_lt65","5-6","65+, Medicare and private",0,0
"agegrps_v3X","ins_lt65","5-6","65+, Medicare and other public",0,0
"agegrps_v3X","ins_lt65","5-6","65+, No medicare",0,0
"agegrps_v3X","ins_lt65","7-12","<65, Any private",14810051.1419834,654671.59170901
"agegrps_v3X","ins_lt65","7-12","<65, Public only",7437662.09330038,366851.136232892
"agegrps_v3X","ins_lt65","7-12","<65, Uninsured",1985764.75648825,203221.962686844
"agegrps_v3X","ins_lt65","7-12","65+, Medicare only",0,0
"agegrps_v3X","ins_lt65","7-12","65+, Medicare and private",0,0
"agegrps_v3X","ins_lt65","7-12","65+, Medicare and other public",0,0
"agegrps_v3X","ins_lt65","7-12","65+, No medicare",0,0
"agegrps_v3X","ins_lt65","13-17","<65, Any private",13592537.1173982,587799.774750995
"agegrps_v3X","ins_lt65","13-17","<65, Public only",5573865.77796464,333727.759865571
"agegrps_v3X","ins_lt65","13-17","<65, Uninsured",2099153.48556266,200154.182932332
"agegrps_v3X","ins_lt65","13-17","65+, Medicare only",0,0
"agegrps_v3X","ins_lt65","13-17","65+, Medicare and private",0,0
"agegrps_v3X","ins_lt65","13-17","65+, Medicare and other public",0,0
"agegrps_v3X","ins_lt65","13-17","65+, No medicare",0,0
"agegrps_v3X","ins_lt65","18","<65, Any private",2753458.34753594,209014.782290214
"agegrps_v3X","ins_lt65","18","<65, Public only",1015830.51979204,107821.397095101
"agegrps_v3X","ins_lt65","18","<65, Uninsured",613604.504653708,96844.5726528989
"agegrps_v3X","ins_lt65","18","65+, Medicare only",0,0
"agegrps_v3X","ins_lt65","18","65+, Medicare and private",0,0
"agegrps_v3X","ins_lt65","18","65+, Medicare and other public",0,0
"agegrps_v3X","ins_lt65","18","65+, No medicare",0,0
"agegrps_v3X","ins_lt65","19-24","<65, Any private",14060586.9274095,597612.627051928
"agegrps_v3X","ins_lt65","19-24","<65, Public only",3200269.39648856,219620.050096614
"agegrps_v3X","ins_lt65","19-24","<65, Uninsured",6525107.78158674,363308.069690258
"agegrps_v3X","ins_lt65","19-24","65+, Medicare only",0,0
"agegrps_v3X","ins_lt65","19-24","65+, Medicare and private",0,0
"agegrps_v3X","ins_lt65","19-24","65+, Medicare and other public",0,0
"agegrps_v3X","ins_lt65","19-24","65+, No medicare",0,0
"agegrps_v3X","ins_lt65","25-29","<65, Any private",14300293.2392755,695599.804188569
"agegrps_v3X","ins_lt65","25-29","<65, Public only",2023810.63836457,169610.185014737
"agegrps_v3X","ins_lt65","25-29","<65, Uninsured",5575160.57237017,374945.123340475
"agegrps_v3X","ins_lt65","25-29","65+, Medicare only",0,0
"agegrps_v3X","ins_lt65","25-29","65+, Medicare and private",0,0
"agegrps_v3X","ins_lt65","25-29","65+, Medicare and other public",0,0
"agegrps_v3X","ins_lt65","25-29","65+, No medicare",0,0
"agegrps_v3X","ins_lt65","30-34","<65, Any private",13653833.6035298,635404.075490242
"agegrps_v3X","ins_lt65","30-34","<65, Public only",1631877.3480845,133378.179711877
"agegrps_v3X","ins_lt65","30-34","<65, Uninsured",3955497.66469346,268965.102040263
"agegrps_v3X","ins_lt65","30-34","65+, Medicare only",0,0
"agegrps_v3X","ins_lt65","30-34","65+, Medicare and private",0,0
"agegrps_v3X","ins_lt65","30-34","65+, Medicare and other public",0,0
"agegrps_v3X","ins_lt65","30-34","65+, No medicare",0,0
"agegrps_v3X","ins_lt65","35-44","<65, Any private",31261489.8943332,1053691.64025269
"agegrps_v3X","ins_lt65","35-44","<65, Public only",3478997.54741182,237240.27277062
"agegrps_v3X","ins_lt65","35-44","<65, Uninsured",6992584.96590809,356375.718845117
"agegrps_v3X","ins_lt65","35-44","65+, Medicare only",0,0
"agegrps_v3X","ins_lt65","35-44","65+, Medicare and private",0,0
"agegrps_v3X","ins_lt65","35-44","65+, Medicare and other public",0,0
"agegrps_v3X","ins_lt65","35-44","65+, No medicare",0,0
"agegrps_v3X","ins_lt65","45-54","<65, Any private",33575962.2779657,998932.899411968
"agegrps_v3X","ins_lt65","45-54","<65, Public only",3306706.41544193,206207.218455755
"agegrps_v3X","ins_lt65","45-54","<65, Uninsured",6044042.35927432,319849.960501539
"agegrps_v3X","ins_lt65","45-54","65+, Medicare only",0,0
"agegrps_v3X","ins_lt65","45-54","65+, Medicare and private",0,0
"agegrps_v3X","ins_lt65","45-54","65+, Medicare and other public",0,0
"agegrps_v3X","ins_lt65","45-54","65+, No medicare",0,0
"agegrps_v3X","ins_lt65","55-64","<65, Any private",27415616.7806221,893336.459526711
"agegrps_v3X","ins_lt65","55-64","<65, Public only",3012442.4592707,202107.655020764
"agegrps_v3X","ins_lt65","55-64","<65, Uninsured",4309772.10247235,257863.170908622
"agegrps_v3X","ins_lt65","55-64","65+, Medicare only",0,0
"agegrps_v3X","ins_lt65","55-64","65+, Medicare and private",0,0
"agegrps_v3X","ins_lt65","55-64","65+, Medicare and other public",0,0
"agegrps_v3X","ins_lt65","55-64","65+, No medicare",0,0
"agegrps_v3X","ins_ge65","65+","<65, Any private",0,0
"agegrps_v3X","ins_ge65","65+","<65, Public only",0,0
"agegrps_v3X","ins_ge65","65+","<65, Uninsured",0,0
"agegrps_v3X","ins_ge65","65+","65+, Medicare only",13333463.8910172,599759.060171047
"agegrps_v3X","ins_ge65","65+","65+, Medicare and private",20118699.2141235,801521.678111911
"agegrps_v3X","ins_ge65","65+","65+, Medicare and other public",4618176.19684979,268683.872321249
"agegrps_v3X","ins_ge65","65+","65+, No medicare",623196.573851276,101041.465278495
